City_ID,City,Cloudiness,Country,Date,Humidity,Lat,Lng,Max Temp,Wind Speed
0,Llanes,4,ES,2022-07-24 14:00:12,74,43.4198,-4.7549,76.84,7.25
1,Mezen,56,RU,2022-07-24 14:00:13,57,65.8522,44.24,60.71,9.62
2,Dikson,100,RU,2022-07-24 14:00:13,83,73.5069,80.5464,45.03,17.87
3,Iqaluit,100,CA,2022-07-24 14:00:15,93,63.7506,-68.5145,45.7,4.0
4,Hobart,20,AU,2022-07-24 13:56:57,91,-42.8794,147.3294,49.05,5.75
5,Hilo,100,US,2022-07-24 14:00:16,90,19.7297,-155.09,78.28,4.61
6,Moose Factory,100,CA,2022-07-24 14:00:16,96,51.2585,-80.6094,55.53,6.73
7,Busselton,75,AU,2022-07-24 14:00:17,76,-33.65,115.3333,55.15,11.01
8,Albany,38,US,2022-07-24 14:00:18,56,42.6001,-73.9662,85.95,1.99
9,Innisfail,95,AU,2022-07-24 14:00:18,81,-17.5333,146.0333,66.6,3.11
10,Punta Arenas,18,CL,2022-07-24 14:00:18,80,-53.15,-70.9167,33.12,6.15
11,Vaini,97,TO,2022-07-24 14:00:19,62,-21.2,-175.2,72.77,17.4
12,Saint George,44,US,2022-07-24 13:56:37,42,37.1041,-113.5841,85.24,5.01
13,Rikitea,62,PF,2022-07-24 14:00:20,80,-23.1203,-134.9692,73.85,13.94
14,Ribeira Grande,40,PT,2022-07-24 14:00:20,83,38.5167,-28.7,79.2,12.66
15,Yellowknife,75,CA,2022-07-24 14:00:21,94,62.456,-114.3525,59.52,8.05
16,Ushuaia,99,AR,2022-07-24 14:00:21,89,-54.8,-68.3,26.24,4.94
17,Akyab,100,MM,2022-07-24 14:00:22,78,20.15,92.9,81.64,4.41
18,Faanui,11,PF,2022-07-24 14:00:22,77,-16.4833,-151.75,78.6,12.06
19,Vestmannaeyjar,75,IS,2022-07-24 14:00:23,82,63.4427,-20.2734,54.59,11.5
20,New Norfolk,92,AU,2022-07-24 14:00:23,88,-42.7826,147.0587,48.7,2.33
21,Saint-Philippe,80,RE,2022-07-24 14:00:23,83,-21.3585,55.7679,73.22,10.27
22,Demirci,0,TR,2022-07-24 14:00:24,15,39.0461,28.6589,88.43,16.04
23,Jamestown,100,US,2022-07-24 14:00:24,86,42.097,-79.2353,73.94,3.0
24,Travesia,100,HN,2022-07-24 14:00:25,88,15.8667,-87.9,79.14,4.79
25,Hasaki,98,JP,2022-07-24 14:00:25,88,35.7333,140.8333,77.4,14.74
26,Nantucket,100,US,2022-07-24 13:58:42,77,41.2835,-70.0995,80.74,10.36
27,Katsuura,100,JP,2022-07-24 14:00:26,88,35.1333,140.3,78.15,14.58
28,Mar Del Plata,75,AR,2022-07-24 13:58:51,94,-38.0023,-57.5575,53.1,3.44
29,Arraial Do Cabo,0,BR,2022-07-24 14:00:26,80,-22.9661,-42.0278,72.48,20.98
30,Cape Town,0,ZA,2022-07-24 13:57:18,52,-33.9258,18.4232,67.12,14.97
31,Ahuimanu,14,US,2022-07-24 14:00:27,79,21.4447,-157.8378,75.85,5.01
32,Port Hedland,0,AU,2022-07-24 14:00:28,67,-20.3167,118.5667,62.65,9.22
33,Kodiak,100,US,2022-07-24 14:00:28,94,57.79,-152.4072,53.11,12.66
34,Lebu,100,CL,2022-07-24 14:00:28,96,-37.6167,-73.65,48.4,5.23
35,Kidodi,78,TZ,2022-07-24 14:00:29,42,-7.6036,37.0044,82.24,1.01
36,Tasiilaq,46,GL,2022-07-24 14:00:29,84,65.6145,-37.6368,44.76,5.93
37,Nanakuli,3,US,2022-07-24 14:00:30,76,21.3906,-158.1547,76.1,11.95
38,Bengkulu,97,ID,2022-07-24 14:00:30,88,-3.8004,102.2655,77.63,3.11
39,Kapaa,76,US,2022-07-24 14:00:31,84,22.0752,-159.319,74.12,1.99
40,Zhezkazgan,3,KZ,2022-07-24 14:00:31,18,47.8043,67.7144,88.66,9.84
41,Sobolevo,100,RU,2022-07-24 14:00:32,93,54.4299,31.8996,66.25,11.7
42,Ati,95,TD,2022-07-24 14:00:32,31,13.2154,18.3353,97.56,7.78
43,San Patricio,7,US,2022-07-24 14:00:33,65,28.017,-97.5169,87.89,12.46
44,Sintra,0,PT,2022-07-24 14:00:33,38,38.801,-9.3783,89.29,16.11
45,Gunjur,100,GM,2022-07-24 14:00:33,79,13.2019,-16.7339,77.36,0.49
46,Bowen,5,AU,2022-07-24 14:00:34,90,-20.0167,148.2333,61.52,7.09
47,Bredasdorp,13,ZA,2022-07-24 14:00:34,54,-34.5322,20.0403,59.27,11.3
48,Atuona,22,PF,2022-07-24 14:01:35,69,-9.8,-139.0333,76.41,17.0
49,Kapit,99,MY,2022-07-24 14:01:35,98,2.0167,112.9333,75.09,1.36
50,Vestmanna,100,FO,2022-07-24 14:01:36,67,62.1564,-7.1664,54.52,13.8
51,Kiama,5,AU,2022-07-24 14:01:20,90,-34.6833,150.8667,52.57,4.74
52,Aleksandrov Gay,66,RU,2022-07-24 14:01:37,59,50.147,48.5704,71.15,5.1
53,Longyearbyen,75,SJ,2022-07-24 14:01:37,87,78.2186,15.6401,48.04,14.97
54,Nome,96,US,2022-07-24 14:01:38,98,64.5011,-165.4064,44.17,6.93
55,Vila Do Maio,74,CV,2022-07-24 14:01:38,85,15.1333,-23.2167,79.29,10.31
56,Kavieng,40,PG,2022-07-24 14:01:39,77,-2.5744,150.7967,82.27,8.9
57,Cherskiy,30,RU,2022-07-24 14:01:39,66,68.75,161.3,48.11,4.85
58,George Town,20,MY,2022-07-24 14:00:08,79,5.4112,100.3354,84.13,0.0
59,East London,100,ZA,2022-07-24 14:01:40,56,-33.0153,27.9116,61.0,18.54
60,Tilichiki,100,RU,2022-07-24 14:01:40,86,60.4667,166.1,48.81,7.14
61,Hermanus,3,ZA,2022-07-24 14:01:40,56,-34.4187,19.2345,61.81,14.07
62,Luderitz,0,NA,2022-07-24 14:01:41,45,-26.6481,15.1594,70.34,14.27
63,Richards Bay,18,ZA,2022-07-24 14:01:41,49,-28.783,32.0377,67.08,17.85
64,Sol-Iletsk,79,RU,2022-07-24 14:01:42,30,51.1631,54.9918,85.84,5.17
65,Nemuro,94,JP,2022-07-24 14:01:42,92,43.3236,145.575,61.32,7.63
66,Charters Towers,0,AU,2022-07-24 14:01:43,88,-20.1,146.2667,58.46,6.8
67,Genhe,14,CN,2022-07-24 14:01:43,94,50.7833,121.5167,58.95,3.76
68,Werda,2,BW,2022-07-24 14:01:43,24,-25.2667,23.2833,72.55,6.58
69,Great Yarmouth,5,GB,2022-07-24 14:01:44,42,52.6083,1.7305,89.94,21.47
70,Nikolskoye,100,RU,2022-07-24 14:01:44,55,59.7035,30.7861,72.88,3.09
71,Lompoc,100,US,2022-07-24 13:57:03,86,34.6391,-120.4579,57.02,8.01
72,Airai,95,TL,2022-07-24 14:01:45,87,-8.9266,125.4092,53.89,1.81
73,Butaritari,52,KI,2022-07-24 14:01:45,72,3.0707,172.7902,82.56,21.05
74,Bluff,18,NZ,2022-07-24 14:01:46,83,-46.6,168.3333,37.8,3.58
75,Chumikan,76,RU,2022-07-24 14:01:46,85,54.7183,135.315,63.63,1.1
76,Barcelos,6,PT,2022-07-24 14:01:47,49,41.5388,-8.6151,77.85,10.83
77,Kruisfontein,75,ZA,2022-07-24 14:01:47,72,-34.0033,24.7314,58.89,9.37
78,Bethel,21,US,2022-07-24 14:01:47,66,41.3712,-73.414,86.47,1.01
79,Soe,78,ID,2022-07-24 14:01:48,86,-9.8607,124.284,56.82,4.38
80,Lagoa,11,PT,2022-07-24 14:01:48,86,39.05,-27.9833,73.4,9.73
81,Hirado,31,JP,2022-07-24 14:01:49,89,33.3597,129.5531,80.38,6.53
82,General Pico,100,AR,2022-07-24 14:01:49,94,-35.6566,-63.7568,57.63,9.62
83,Newtownards,75,GB,2022-07-24 14:01:50,64,54.5924,-5.6909,73.35,13.8
84,Gao,100,ML,2022-07-24 14:01:50,29,16.6362,1.637,95.38,5.7
85,Sisimiut,98,GL,2022-07-24 14:01:51,78,66.9395,-53.6735,48.2,9.04
86,Petropavlovsk-Kamchatskiy,95,RU,2022-07-24 14:01:51,95,53.0452,158.6483,51.22,5.06
87,Taltal,0,CL,2022-07-24 14:01:51,73,-25.4,-70.4833,59.54,4.21
88,La Ronge,5,CA,2022-07-24 14:01:52,76,55.1001,-105.2842,53.76,5.01
89,Tautira,2,PF,2022-07-24 14:01:53,76,-17.7333,-149.15,79.02,14.52
90,Araioses,71,BR,2022-07-24 14:02:53,48,-2.89,-41.9031,89.56,4.56
91,Souillac,75,MU,2022-07-24 14:02:54,73,-20.5167,57.5167,70.18,11.5
92,Bom Jesus,92,BR,2022-07-24 14:00:46,32,-9.0744,-44.3586,89.33,9.22
93,Henties Bay,26,NA,2022-07-24 14:02:55,73,-22.116,14.2845,60.69,8.32
94,Kirchheim,30,DE,2022-07-24 14:02:55,41,50.8333,9.5667,90.37,4.21
95,Sorland,100,NO,2022-07-24 14:02:55,77,67.667,12.6934,55.26,14.72
96,Lavrentiya,100,RU,2022-07-24 14:02:56,94,65.5833,-171.0,40.1,9.69
97,Clyde River,100,CA,2022-07-24 14:02:56,89,70.4692,-68.5914,39.29,6.46
98,Puerto Ayora,58,EC,2022-07-24 14:02:57,88,-0.7393,-90.3518,70.56,7.0
99,Port Alfred,81,ZA,2022-07-24 14:02:57,86,-33.5906,26.891,58.17,4.0
100,Bundaberg,1,AU,2022-07-24 14:02:58,98,-24.85,152.35,55.22,1.01
101,Sinjai,43,ID,2022-07-24 14:02:58,86,-5.1241,120.253,71.44,4.05
102,Hamilton,100,US,2022-07-24 13:58:26,75,39.1834,-84.5333,85.59,1.99
103,Tuktoyaktuk,100,CA,2022-07-24 14:02:59,94,69.4541,-133.0374,38.64,9.42
104,Sioux Lookout,100,CA,2022-07-24 14:02:59,87,50.1001,-91.917,51.87,9.22
105,Lufkin,0,US,2022-07-24 14:03:00,86,31.3382,-94.7291,83.32,6.91
106,Guerrero Negro,100,MX,2022-07-24 14:03:00,80,27.9769,-114.0611,67.37,6.69
107,Komsomolskiy,6,UZ,2022-07-24 14:03:01,11,40.4272,71.7189,104.72,9.22
108,Qaanaaq,100,GL,2022-07-24 14:03:01,94,77.484,-69.3632,38.79,1.68
109,Lima,100,PE,2022-07-24 13:59:08,78,-12.0432,-77.0282,65.89,9.22
110,Cabo San Lucas,83,MX,2022-07-24 13:59:45,90,22.8909,-109.9124,80.51,3.74
111,Severo-Kurilsk,100,RU,2022-07-24 14:03:02,95,50.6789,156.125,52.7,9.37
112,Half Moon Bay,100,US,2022-07-24 14:03:03,90,37.4636,-122.4286,58.87,9.22
113,Brunico,52,IT,2022-07-24 14:03:03,40,46.7958,11.9364,87.12,1.12
114,Aleksandrovka,4,UA,2022-07-24 14:03:04,18,46.8383,32.7612,93.18,5.41
115,Homer,100,US,2022-07-24 14:03:04,83,59.6425,-151.5483,53.04,4.0
116,Mount Gambier,100,AU,2022-07-24 14:03:05,76,-37.8333,140.7667,55.89,11.12
117,Pevek,100,RU,2022-07-24 14:03:05,88,69.7008,170.3133,36.43,3.24
118,Hithadhoo,97,MV,2022-07-24 14:03:06,71,-0.6,73.0833,82.45,5.99
119,Isangel,1,VU,2022-07-24 14:03:06,88,-19.55,169.2667,76.19,4.81
120,Isiro,100,CD,2022-07-24 14:03:06,70,2.7739,27.616,78.08,1.86
121,Anloga,70,GH,2022-07-24 14:03:07,76,5.7947,0.8973,78.44,12.66
122,Esperance,92,AU,2022-07-24 14:03:08,63,-33.8667,121.9,49.84,12.03
123,El Alto,14,PE,2022-07-24 14:03:08,70,-4.2714,-81.2147,69.13,9.93
124,Dollar,84,GB,2022-07-24 14:03:09,92,56.1624,-3.6714,72.5,14.47
125,Riyadh,100,SA,2022-07-24 14:00:12,8,24.6877,46.7219,110.93,5.95
126,Atar,11,MR,2022-07-24 14:03:09,33,20.5169,-13.0499,97.75,7.2
127,Manbij,0,SY,2022-07-24 14:03:10,8,36.5281,37.9549,98.13,18.81
128,Ponta Do Sol,4,PT,2022-07-24 14:04:10,44,32.6667,-17.1,94.71,1.81
129,Puerto Quijarro,1,BO,2022-07-24 14:04:11,23,-17.7833,-57.7667,90.86,4.5
130,Barrow,100,US,2022-07-24 14:04:11,93,71.2906,-156.7887,37.42,0.0
131,Port Hueneme,100,US,2022-07-24 14:04:11,91,34.1478,-119.1951,65.95,4.61
132,Mataura,16,NZ,2022-07-24 14:04:12,98,-46.1927,168.8643,37.47,2.17
133,Le Port,53,RE,2022-07-24 14:04:12,68,-20.9373,55.2919,73.4,4.45
134,Vao,36,NC,2022-07-24 14:04:13,79,-22.6667,167.4833,72.54,12.62
135,Carnarvon,0,AU,2022-07-24 14:04:13,40,-24.8667,113.6333,63.28,16.11
136,Upernavik,100,GL,2022-07-24 14:04:14,93,72.7868,-56.1549,42.37,2.64
137,Knyaginino,69,RU,2022-07-24 14:04:14,67,55.8228,45.0349,77.31,3.53
138,Kavaratti,96,IN,2022-07-24 14:04:14,78,10.5669,72.642,81.46,12.68
139,Mackenzie,100,CA,2022-07-24 14:03:33,74,55.2999,-123.1698,57.79,2.66
140,Ilulissat,20,GL,2022-07-24 14:04:15,97,69.2167,-51.1,44.62,5.75
141,Brokopondo,100,SR,2022-07-24 14:04:16,79,4.75,-55.1667,80.37,5.21
142,Sao Filipe,96,CV,2022-07-24 14:04:16,81,14.8961,-24.4956,78.67,0.78
143,Takoradi,88,GH,2022-07-24 14:04:16,71,4.8845,-1.7554,78.64,10.78
144,Avarua,75,CK,2022-07-24 14:04:17,60,-21.2078,-159.775,69.85,3.44
145,Zhuhai,0,CN,2022-07-24 14:04:17,79,22.2769,113.5678,89.38,11.5
146,Tsogni,62,GA,2022-07-24 14:04:18,66,-2.7942,10.0988,76.55,11.25
147,Mandalgovi,48,MN,2022-07-24 14:04:18,39,45.7625,106.2708,66.18,13.13
148,Nanortalik,100,GL,2022-07-24 14:04:18,75,60.1432,-45.2371,48.04,5.12
149,Cidreira,74,BR,2022-07-24 14:04:19,88,-30.1811,-50.2056,66.79,3.18
150,Georgetown,20,MY,2022-07-24 14:04:19,79,5.4112,100.3354,84.13,0.0
151,Rocha,7,UY,2022-07-24 14:04:20,83,-34.4833,-54.3333,66.34,3.69
152,Huarmey,70,PE,2022-07-24 14:01:57,82,-10.0681,-78.1522,64.49,8.1
153,Berlevag,100,NO,2022-07-24 14:04:20,76,70.8578,29.0864,55.2,17.27
154,Bani,2,DO,2022-07-24 14:04:21,54,18.2833,-70.3333,83.86,11.9
155,Bambous Virieux,75,MU,2022-07-24 14:04:21,73,-20.3428,57.7575,70.21,11.5
156,Nehe,100,CN,2022-07-24 14:04:21,82,48.4833,124.8333,67.48,6.11
157,Ewa Beach,0,US,2022-07-24 14:04:22,72,21.3156,-158.0072,76.08,8.05
158,Provideniya,100,RU,2022-07-24 14:04:22,94,64.3833,-173.3,41.2,5.91
159,Ancud,100,CL,2022-07-24 14:04:23,94,-41.8697,-73.8203,45.23,3.53
160,Fairhope,0,US,2022-07-24 14:04:23,68,30.523,-87.9033,88.25,6.91
161,Tateyama,100,JP,2022-07-24 14:04:23,88,34.9833,139.8667,79.11,13.67
162,Russell,0,US,2022-07-24 14:04:24,74,32.3502,-85.1999,83.48,8.05
163,Port Elizabeth,61,ZA,2022-07-24 14:04:24,86,-33.918,25.5701,61.11,5.99
164,Portland,3,US,2022-07-24 14:00:02,89,45.5234,-122.6762,61.45,3.0
165,Sabang,100,ID,2022-07-24 14:04:25,77,5.8933,95.3214,81.7,11.9
166,Port Keats,8,AU,2022-07-24 14:04:26,60,-14.25,129.55,66.52,0.51
167,Ayan,51,RU,2022-07-24 14:04:26,94,56.45,138.1667,57.15,16.2
168,Senneterre,96,CA,2022-07-24 14:04:27,65,48.3835,-77.2328,71.49,8.9
169,Sur,60,OM,2022-07-24 14:04:27,58,22.5667,59.5289,93.92,2.19
170,Laguna,0,US,2022-07-24 14:03:59,77,38.421,-121.4238,68.09,4.61
171,Sao Jose Da Coroa Grande,100,BR,2022-07-24 14:04:28,70,-8.8978,-35.1478,76.42,13.4
172,Chokurdakh,94,RU,2022-07-24 14:04:28,59,70.6333,147.9167,50.59,9.69
173,Banda Aceh,100,ID,2022-07-24 14:04:28,83,5.5577,95.3222,79.41,8.23
174,Show Low,0,US,2022-07-24 14:04:29,72,34.2542,-110.0298,71.15,0.0
175,Yulara,0,AU,2022-07-24 14:05:30,58,-25.2406,130.9889,59.43,7.29
176,Lahaina,2,US,2022-07-24 14:05:30,81,20.8783,-156.6825,76.8,8.3
177,Salaga,99,GH,2022-07-24 14:05:31,65,8.5508,-0.5188,82.0,2.55
178,Svetlogorsk,98,BY,2022-07-24 14:05:31,85,52.6333,29.7333,70.72,9.01
179,Zhangye,2,CN,2022-07-24 14:05:31,19,38.9342,100.4517,84.04,1.32
180,Borovichi,99,RU,2022-07-24 14:05:32,47,58.3878,33.9155,76.64,8.37
181,Saskylakh,100,RU,2022-07-24 14:05:33,69,71.9167,114.0833,63.86,7.99
182,Klaksvik,100,FO,2022-07-24 14:05:33,92,62.2266,-6.589,56.32,26.84
183,Sangar,53,RU,2022-07-24 14:05:34,84,63.9242,127.4739,58.37,3.24
184,Ust-Kuyga,4,RU,2022-07-24 14:05:34,75,70.0167,135.6,62.38,4.12
185,Umm Lajj,97,SA,2022-07-24 14:05:34,65,25.0213,37.2685,87.03,9.69
186,Ucluelet,46,CA,2022-07-24 14:00:53,93,48.9329,-125.5528,56.08,2.08
187,Mareeba,3,AU,2022-07-24 14:05:35,92,-17.0,145.4333,65.12,2.62
188,Hofn,75,IS,2022-07-24 14:05:36,82,64.2539,-15.2082,51.82,9.22
189,Calvinia,0,ZA,2022-07-24 14:05:36,26,-31.4707,19.776,56.52,16.46
190,Taksimo,99,RU,2022-07-24 14:04:21,84,56.3444,114.8794,66.07,0.83
191,Fairbanks,100,US,2022-07-24 14:02:31,80,64.8378,-147.7164,51.6,3.44
192,Sungaipenuh,100,ID,2022-07-24 14:05:37,99,-2.0833,101.3833,65.5,1.19
193,Alofi,100,NU,2022-07-24 14:05:38,61,-19.0595,-169.9187,73.15,15.97
194,Lata,86,PT,2022-07-24 14:05:38,45,40.1629,-8.3327,84.49,10.0
195,Floriano,50,BR,2022-07-24 14:05:39,31,-6.7669,-43.0225,91.6,10.98
196,Thompson,100,CA,2022-07-24 14:03:33,49,55.7435,-97.8558,61.65,7.85
197,Tumut,4,AU,2022-07-24 14:05:39,91,-35.3,148.2167,46.04,3.83
198,Flin Flon,91,CA,2022-07-24 14:05:40,64,54.7682,-101.865,58.77,5.37
199,Kahului,0,US,2022-07-24 14:05:40,74,20.8947,-156.47,76.84,11.01
200,Mahebourg,75,MU,2022-07-24 14:05:40,73,-20.4081,57.7,70.25,11.5
201,La Cruz,70,MX,2022-07-24 14:05:41,82,23.9167,-106.9,79.16,2.77
202,Beloha,13,MG,2022-07-24 14:05:41,51,-25.1667,45.05,73.62,10.07
203,Eydhafushi,35,MV,2022-07-24 14:05:42,75,5.1033,73.0708,82.08,11.77
204,Edd,100,ER,2022-07-24 14:05:42,60,13.9297,41.6925,92.16,14.9
205,Salinas,15,US,2022-07-24 14:02:08,84,36.6777,-121.6555,54.99,1.01
206,Kabare,88,CD,2022-07-24 14:05:43,47,-2.4683,28.8242,75.43,4.12
207,Snasa,100,NO,2022-07-24 14:05:43,49,64.2457,12.3778,70.38,6.51
208,Port Blair,68,IN,2022-07-24 14:03:16,80,11.6667,92.75,82.04,3.04
209,Namatanai,43,PG,2022-07-24 14:05:44,84,-3.6667,152.4333,79.11,7.16
210,Coquimbo,100,CL,2022-07-24 14:05:44,87,-29.9533,-71.3436,53.33,1.14
211,Sept-Iles,31,CA,2022-07-24 14:05:45,82,50.2001,-66.3821,67.05,4.0
212,Victoria,0,HK,2022-07-24 14:02:11,79,22.2855,114.1577,91.18,10.0
213,Castro,94,BR,2022-07-24 14:05:45,48,-24.7911,-50.0119,71.47,3.96
214,Vardo,100,NO,2022-07-24 14:05:46,67,70.3705,31.1107,55.38,16.11
215,Vostok,82,RU,2022-07-24 14:05:46,97,46.4856,135.8833,58.96,2.21
216,Muros,37,ES,2022-07-24 14:05:46,59,42.7762,-9.0603,76.08,9.4
217,Kolokani,97,ML,2022-07-24 14:05:47,46,13.5728,-8.0339,90.12,4.65
218,Cayenne,75,GF,2022-07-24 14:05:38,7,4.9333,-52.3333,84.24,8.05
219,Inuvik,75,CA,2022-07-24 14:06:47,93,68.3499,-133.7218,47.16,3.44
220,Ishigaki,34,JP,2022-07-24 14:06:48,78,24.3448,124.1572,84.85,7.52
221,Port Lincoln,99,AU,2022-07-24 14:06:48,83,-34.7333,135.8667,56.5,16.31
222,Sarramea,3,NC,2022-07-24 14:06:49,89,-21.6421,165.8452,68.52,3.02
223,Lazaro Cardenas,100,MX,2022-07-24 14:06:49,79,17.9583,-102.2,78.98,4.05
224,Bitkine,79,TD,2022-07-24 14:06:49,45,11.9801,18.2138,91.96,4.54
225,Bikin,96,RU,2022-07-24 14:06:50,96,46.8161,134.26,62.44,3.56
226,Chambishi,78,ZM,2022-07-24 14:06:50,24,-12.6325,28.0537,78.01,4.27
227,Nelson Bay,5,AU,2022-07-24 14:06:51,99,-32.7167,152.15,55.0,5.99
228,Sorong,91,ID,2022-07-24 14:06:51,89,-0.8833,131.25,78.31,7.16
229,Puerto Escondido,40,MX,2022-07-24 14:06:52,78,15.85,-97.0667,81.43,8.05
230,Caravelas,68,BR,2022-07-24 14:06:52,77,-17.7125,-39.2481,73.22,5.86
231,Navur,94,AM,2022-07-24 14:06:53,44,40.8669,45.3418,67.8,3.47
232,Kloulklubed,100,PW,2022-07-24 14:06:53,75,7.0419,134.2556,82.85,6.4
233,Prince Rupert,100,CA,2022-07-24 14:06:54,94,54.3161,-130.3201,55.49,2.3
234,Geraldton,100,AU,2022-07-24 14:06:54,87,-28.7667,114.6,52.21,6.91
235,Benguela,52,AO,2022-07-24 14:06:55,76,-12.5763,13.4055,74.73,8.9
236,Bodden Town,100,KY,2022-07-24 14:02:05,77,19.2833,-81.25,84.0,5.99
237,Novyy Urengoy,100,RU,2022-07-24 14:06:55,85,66.0833,76.6333,55.6,16.13
238,North Kessock,40,GB,2022-07-24 14:06:56,73,57.5013,-4.2443,69.87,16.11
239,Rock Sound,0,BS,2022-07-24 14:06:56,72,24.9,-76.2,82.74,18.54
240,Wiarton,100,CA,2022-07-24 14:06:57,94,44.7407,-81.1332,70.39,12.66
241,Bubaque,100,GW,2022-07-24 14:06:57,93,11.2833,-15.8333,75.38,7.18
242,Aberdeen,75,GB,2022-07-24 14:04:22,60,57.1437,-2.0981,75.2,14.97
243,Singaraja,28,ID,2022-07-24 14:06:58,76,-8.112,115.0882,73.54,6.87
244,Nishihara,20,JP,2022-07-24 14:06:59,89,26.1842,127.7558,83.48,6.91
245,Torbay,0,CA,2022-07-24 14:05:30,66,47.6666,-52.7314,74.39,1.01
246,Belaya Gora,61,RU,2022-07-24 14:06:59,46,68.5333,146.4167,55.92,7.52
247,Buin,100,CL,2022-07-24 14:07:00,81,-33.7333,-70.75,63.88,1.97
248,Butembo,97,CD,2022-07-24 14:07:00,70,0.15,29.2833,69.69,3.29
249,Superior,0,US,2022-07-24 14:07:00,74,46.7208,-92.1041,67.89,16.11
250,Puerto Ayacucho,100,VE,2022-07-24 14:07:01,90,5.6639,-67.6236,77.07,5.37
251,Leningradskiy,100,RU,2022-07-24 14:07:01,96,69.3833,178.4167,33.33,3.11
252,Puerto Colombia,1,CO,2022-07-24 14:07:02,71,10.9878,-74.9547,82.49,6.17
253,Khatanga,100,RU,2022-07-24 14:07:02,51,71.9667,102.5,71.17,10.85
254,Denpasar,40,ID,2022-07-24 14:07:03,65,-8.65,115.2167,78.46,16.11
255,Adrar,6,MR,2022-07-24 14:07:03,6,20.5022,-10.0711,108.43,13.13
256,Hay River,23,CA,2022-07-24 14:07:04,90,60.8156,-115.7999,53.82,11.03
257,Sinnamary,66,GF,2022-07-24 14:07:04,72,5.3833,-52.95,83.3,6.15
258,Teahupoo,4,PF,2022-07-24 14:07:05,76,-17.8333,-149.2667,73.36,15.32
259,Sitka,100,US,2022-07-24 14:07:05,82,57.0531,-135.33,57.09,11.5
260,Saldanha,0,ZA,2022-07-24 14:07:06,51,-33.0117,17.9442,60.01,8.93
261,High Level,25,CA,2022-07-24 14:08:06,90,58.5169,-117.136,57.9,5.14
262,The Valley,20,AI,2022-07-24 14:08:06,74,18.217,-63.0578,85.1,16.11
263,College,40,US,2022-07-24 14:08:07,77,64.8569,-147.8028,53.55,0.0
264,Manaure,6,CO,2022-07-24 14:08:07,65,11.7751,-72.4445,83.03,10.36
265,Brae,100,GB,2022-07-24 14:08:08,96,60.3964,-1.353,55.44,14.2
266,Tiksi,28,RU,2022-07-24 14:08:08,80,71.6872,128.8694,44.78,4.5
267,Seydi,0,TM,2022-07-24 14:08:09,11,39.4816,62.9137,106.05,11.36
268,Caucaia,40,BR,2022-07-24 14:08:09,55,-3.7361,-38.6531,86.31,13.8
269,Norman Wells,86,CA,2022-07-24 14:08:09,65,65.282,-126.8329,58.05,4.99
270,Timra,0,SE,2022-07-24 14:08:10,49,62.487,17.3257,69.48,11.5
271,Liancheng,5,CN,2022-07-24 14:08:10,93,24.0519,105.075,68.76,3.42
272,Opuwo,0,NA,2022-07-24 14:08:11,16,-18.0607,13.84,83.86,3.29
273,Roma,0,US,2022-07-24 14:08:11,66,43.2128,-75.4557,82.81,5.75
274,Fredericton,89,CA,2022-07-24 14:05:53,66,45.9454,-66.6656,83.43,7.85
275,Santa Maria,89,BR,2022-07-24 14:08:12,71,-29.6842,-53.8069,74.03,1.12
276,Praya,95,CV,2022-07-24 14:08:12,81,14.9215,-23.5087,80.11,9.71
277,Manitouwadge,73,CA,2022-07-24 14:08:13,90,49.1215,-85.8403,60.93,4.85
278,Tagab,60,AF,2022-07-24 14:08:13,57,34.855,69.6492,82.9,8.05
279,Sambava,78,MG,2022-07-24 14:08:14,75,-14.2667,50.1667,72.97,12.71
280,Kenai,100,US,2022-07-24 14:08:14,87,60.5544,-151.2583,53.15,9.22
281,Batagay,0,RU,2022-07-24 14:08:14,90,67.6333,134.6333,57.96,3.24
282,Horsham,0,GB,2022-07-24 14:08:15,49,51.064,-0.3272,84.88,12.66
283,Harper,100,LR,2022-07-24 14:08:15,74,4.375,-7.7169,76.8,8.55
284,Dingle,95,PH,2022-07-24 14:08:16,89,10.9995,122.6711,77.61,2.57
285,Aquiraz,79,BR,2022-07-24 14:08:16,62,-3.9014,-38.3911,86.45,14.07
286,Pangnirtung,72,CA,2022-07-24 14:08:17,63,66.1451,-65.7125,53.94,3.11
287,Umtata,91,ZA,2022-07-24 14:08:17,68,-31.5889,28.7844,49.68,11.54
288,Concordia,75,AR,2022-07-24 14:08:18,92,-31.393,-58.0209,75.27,11.5
289,San Antonio,75,US,2022-07-24 14:04:45,77,29.4241,-98.4936,84.36,12.66
290,Rio Grande,87,BR,2022-07-24 14:08:18,88,-32.035,-52.0986,64.51,3.13
291,Quatre Cocos,17,MU,2022-07-24 14:04:47,71,-20.2078,57.7625,70.09,13.38
292,Los Llanos De Aridane,75,ES,2022-07-24 14:08:19,74,28.6585,-17.9182,76.75,12.66
293,Jalu,0,LY,2022-07-24 14:08:19,14,29.0331,21.5482,99.48,9.82
294,Conceicao Do Araguaia,70,BR,2022-07-24 14:08:20,22,-8.2578,-49.2647,93.25,9.91
295,George,23,ZA,2022-07-24 14:08:20,62,-33.963,22.4617,56.03,4.0
296,Hualmay,67,PE,2022-07-24 14:08:21,81,-11.0964,-77.6139,62.55,6.11
297,Sakakah,1,SA,2022-07-24 14:08:21,9,29.9697,40.2064,104.16,3.51
298,Coihaique,100,CL,2022-07-24 14:04:35,86,-45.5752,-72.0662,32.61,3.44
299,Port Hardy,75,CA,2022-07-24 14:08:22,88,50.6996,-127.4199,55.58,5.75
300,Kutum,22,SD,2022-07-24 14:08:22,19,14.2,24.6667,93.07,6.2
301,West Bay,20,KY,2022-07-24 14:08:22,82,19.3667,-81.4167,84.27,10.36
302,Effingham,1,US,2022-07-24 14:08:23,74,32.3669,-81.3332,87.94,3.71
303,Wahiawa,0,US,2022-07-24 14:08:23,74,21.5028,-158.0236,72.86,0.0
304,Tuatapere,47,NZ,2022-07-24 14:08:24,92,-46.1333,167.6833,41.18,2.93
305,Palafrugell,0,ES,2022-07-24 14:07:53,64,41.9174,3.1631,93.96,5.99
306,Afrikanda,98,RU,2022-07-24 14:08:24,59,67.4429,32.7828,58.89,8.77
307,Stornoway,75,GB,2022-07-24 14:09:25,93,58.2093,-6.3865,62.04,6.91
308,Kongolo,29,CD,2022-07-24 14:09:25,25,-5.3833,27.0,92.86,6.44
309,Moshenskoye,100,RU,2022-07-24 14:09:26,47,58.5102,34.5911,76.75,6.64
310,Zalesovo,100,RU,2022-07-24 14:09:26,85,53.9939,84.7431,57.11,9.08
311,Shemonaikha,24,KZ,2022-07-24 14:09:26,62,50.6328,81.9056,63.95,6.26
312,Mikhaylovka,97,RU,2022-07-24 14:09:27,57,50.06,43.2379,73.78,12.71
313,Hambantota,100,LK,2022-07-24 14:06:11,74,6.1241,81.1185,84.54,8.05
314,Asau,98,RO,2022-07-24 14:09:27,46,46.4333,26.4,79.72,4.0
315,Bandarbeyla,100,SO,2022-07-24 14:09:28,74,9.4942,50.8122,79.5,34.31
316,Nago,7,JP,2022-07-24 14:09:28,87,26.5881,127.9761,82.83,2.68
317,Dana Point,81,US,2022-07-24 14:09:29,84,33.467,-117.6981,68.7,3.0
318,Aswan,100,EG,2022-07-24 14:09:29,7,24.0934,32.907,107.08,15.82
319,Bose,0,IT,2022-07-24 14:09:30,51,45.4612,8.0137,94.24,5.53
320,Santa Marta De Tormes,0,ES,2022-07-24 14:09:30,12,40.9506,-5.6272,96.85,14.97
321,Ixtapa,40,MX,2022-07-24 14:09:31,94,20.7,-105.2,80.22,5.75
322,Ulladulla,3,AU,2022-07-24 14:09:31,93,-35.35,150.4667,52.14,3.18
323,Kokopo,17,PG,2022-07-24 14:09:32,86,-4.352,152.2633,77.58,11.61
324,Shwebo,100,MM,2022-07-24 14:09:32,72,22.5667,95.7,81.79,4.27
325,Andros Town,59,BS,2022-07-24 14:09:33,68,24.7,-77.7667,85.96,19.3
326,Narsaq,24,GL,2022-07-24 14:09:33,68,60.9167,-46.05,53.82,2.89
327,Karratha,0,AU,2022-07-24 14:07:54,64,-20.7377,116.8463,69.12,5.61
328,Hami,82,CN,2022-07-24 14:09:34,14,42.8,93.45,95.63,17.29
329,Padang,100,ID,2022-07-24 14:09:34,88,-0.9492,100.3543,78.26,3.62
330,Argelia,100,CO,2022-07-24 14:09:34,89,2.2556,-77.2488,68.36,1.52
331,Sulzbach-Rosenberg,12,DE,2022-07-24 14:09:35,29,49.4983,11.7517,87.89,6.26
332,Sibolga,100,ID,2022-07-24 14:09:35,91,1.7427,98.7792,77.7,5.17
333,Yar-Sale,100,RU,2022-07-24 14:09:36,85,66.8333,70.8333,51.64,17.0
334,Ocampo,4,MX,2022-07-24 14:09:36,73,21.65,-101.5,59.11,5.35
335,Ankang,0,CN,2022-07-24 14:06:35,69,32.68,109.0172,80.38,1.41
336,Baragua,100,CU,2022-07-24 14:09:37,68,21.6967,-78.6328,83.71,13.44
337,Chabahar,95,IR,2022-07-24 14:09:37,81,25.2919,60.643,83.7,16.06
338,Inhambane,19,MZ,2022-07-24 14:09:38,64,-23.865,35.3833,74.75,7.76
339,Evensk,9,RU,2022-07-24 14:09:38,80,61.95,159.2333,48.51,1.54
340,Kachiry,18,KZ,2022-07-24 14:09:39,49,53.0675,76.1036,65.23,11.18
341,Salalah,100,OM,2022-07-24 14:09:39,89,17.0151,54.0924,78.89,9.22
342,Carballo,2,ES,2022-07-24 14:09:39,48,43.213,-8.691,81.82,6.96
343,Nyzhnya Krynka,80,UA,2022-07-24 14:09:40,40,48.1135,38.1606,78.89,9.19
344,Ayr,40,GB,2022-07-24 14:09:40,77,55.4627,-4.6339,67.98,16.11
345,Omura,100,JP,2022-07-24 14:09:41,97,32.9214,129.9539,78.85,3.91
346,Santa Cruz De La Palma,75,ES,2022-07-24 14:09:41,74,28.6835,-17.7642,80.74,12.66
347,Cabedelo,80,BR,2022-07-24 14:09:41,79,-6.9811,-34.8339,79.47,21.41
348,Bandar-E Lengeh,100,IR,2022-07-24 14:09:42,48,26.5579,54.8807,98.01,6.06
349,Basco,17,PH,2022-07-24 14:09:42,71,20.4487,121.9702,85.15,7.31
350,Kieta,51,PG,2022-07-24 14:09:43,86,-6.2167,155.6333,78.89,5.79
351,Ouahigouya,100,BF,2022-07-24 14:09:43,70,13.5828,-2.4216,78.82,10.49
352,Kindu,98,CD,2022-07-24 14:09:44,67,-2.95,25.95,78.28,4.16
353,Dickinson,40,US,2022-07-24 14:10:44,77,29.4608,-95.0513,89.98,5.75
354,Meulaboh,100,ID,2022-07-24 14:10:44,92,4.1363,96.1285,76.15,3.8
355,Batamshinskiy,80,KZ,2022-07-24 14:10:45,26,50.5594,58.2747,84.63,8.14
356,Kontagora,99,NG,2022-07-24 14:10:45,65,10.3999,5.4695,82.72,5.68
357,Marabba,100,SD,2022-07-24 14:10:46,66,12.35,32.1833,79.11,9.98
358,Vengurla,99,IN,2022-07-24 14:10:46,86,15.8667,73.6333,77.83,11.83
359,Bugiri,93,UG,2022-07-24 14:10:46,41,0.5714,33.7417,80.96,11.77
360,Margate,5,GB,2022-07-24 14:10:47,42,51.3813,1.3862,82.87,19.28
361,Chippewa Falls,20,US,2022-07-24 14:10:05,75,44.9369,-91.3929,71.78,10.36
362,Honningsvag,75,NO,2022-07-24 14:10:48,76,70.9821,25.9704,51.55,18.41
363,Excelsior Springs,0,US,2022-07-24 14:10:48,61,39.3392,-94.2261,88.74,5.75
364,Kaitong,84,CN,2022-07-24 14:10:48,87,44.8135,123.15,66.22,5.01
365,Trairi,23,BR,2022-07-24 14:06:27,51,-3.2778,-39.2689,86.68,13.78
366,Liusha,19,CN,2022-07-24 14:10:49,82,27.2098,108.59,74.41,3.11
367,Valle Hermoso,2,MX,2022-07-24 14:10:50,65,25.6667,-97.8333,85.89,15.48
368,Rajur,100,IN,2022-07-24 14:10:50,88,20.1167,78.9167,77.95,8.14
369,Lhokseumawe,99,ID,2022-07-24 14:10:50,88,5.1801,97.1507,78.31,4.32
370,Utrecht,27,NL,2022-07-24 14:08:34,45,52.0,5.25,88.21,5.01
371,Zhanaozen,63,KZ,2022-07-24 14:10:51,43,43.3,52.8,79.95,16.58
372,Carmo Do Rio Claro,1,BR,2022-07-24 14:10:51,37,-20.9719,-46.1189,75.79,3.56
373,Lerwick,100,GB,2022-07-24 14:10:52,93,60.1545,-1.1494,57.2,18.52
374,Marang,83,MY,2022-07-24 14:10:52,82,5.2056,103.2059,79.77,2.53
375,Sabinas Hidalgo,9,MX,2022-07-24 14:10:53,68,26.5,-100.1667,79.83,3.89
376,Huron,100,US,2022-07-24 14:10:53,84,41.1501,-82.5499,81.84,16.8
377,Cuajinicuilapa,100,MX,2022-07-24 14:10:54,90,16.4667,-98.4167,76.3,3.51
378,Kaeo,100,NZ,2022-07-24 14:08:51,96,-35.1,173.7833,57.33,23.91
379,Valdobbiadene,33,IT,2022-07-24 14:10:54,35,45.8993,11.9946,94.87,4.54
380,Ambilobe,85,MG,2022-07-24 14:10:55,53,-13.2,49.05,77.52,4.38
381,Savannah Bight,90,HN,2022-07-24 14:10:55,77,16.45,-85.85,81.86,13.82
382,Banjar,27,ID,2022-07-24 14:10:55,84,-8.19,114.9675,70.36,7.27
383,Kokoda,94,PG,2022-07-24 14:10:56,94,-8.8785,147.7407,73.96,0.38
384,Asadabad,0,IR,2022-07-24 14:10:56,6,34.7824,48.1185,92.41,17.56
385,La Estancia,96,MX,2022-07-24 14:10:57,82,20.4167,-100.0667,60.22,3.02
386,Les Cayes,13,HT,2022-07-24 14:10:57,62,18.2,-73.75,84.9,1.23
387,Nyurba,21,RU,2022-07-24 14:10:57,73,63.2842,118.3319,69.17,8.01
388,Clarence Town,1,AU,2022-07-24 14:10:58,96,-32.5833,151.7833,54.86,2.01
389,Esna,100,EG,2022-07-24 14:10:58,6,25.2934,32.554,106.03,18.86
390,Gravdal,40,NO,2022-07-24 14:10:59,76,68.1214,13.5031,55.29,13.8
391,Ostersund,0,SE,2022-07-24 14:10:59,56,63.1792,14.6357,69.62,10.36
392,Kaitangata,1,NZ,2022-07-24 14:11:00,91,-46.2817,169.8464,35.15,2.53
393,Tlanalapan,50,MX,2022-07-24 14:11:00,77,19.25,-97.2667,48.83,5.82
394,Hauterive,0,FR,2022-07-24 14:11:01,23,46.0901,3.4459,88.56,1.48
395,Kushiro,76,JP,2022-07-24 14:11:01,93,42.975,144.3747,62.46,6.33
396,Moussoro,100,TD,2022-07-24 14:11:01,31,13.6408,16.4901,97.63,7.87
397,Luangwa,17,ZM,2022-07-24 14:11:02,27,-15.6167,30.4167,84.56,5.26
398,Kirakira,6,SB,2022-07-24 14:11:02,83,-10.4544,161.9205,78.91,7.25
399,Nabire,73,ID,2022-07-24 14:11:03,90,-3.3667,135.4833,76.75,2.46
400,Sola,11,VU,2022-07-24 14:11:03,78,-13.8833,167.55,79.99,8.52
401,Praia Da Vitoria,14,PT,2022-07-24 14:11:03,86,38.7333,-27.0667,78.76,1.83
402,Ljubinje,11,BA,2022-07-24 14:12:04,19,42.9508,18.0886,99.75,13.94
403,Longido,28,TZ,2022-07-24 14:12:04,33,-2.7333,36.6833,77.34,11.27
404,Maniitsoq,46,GL,2022-07-24 14:12:05,90,65.4167,-52.9,44.55,12.75
405,Nhulunbuy,100,AU,2022-07-24 14:12:05,88,-12.2333,136.7667,75.81,8.05
406,Abu Road,91,IN,2022-07-24 14:12:06,88,24.4833,72.7833,79.3,7.05
407,Olga,9,RU,2022-07-24 14:12:06,96,43.7444,135.2892,59.59,1.41
408,Vikhorevka,14,RU,2022-07-24 14:12:06,72,56.1201,101.1636,62.19,1.14
409,Erenhot,34,CN,2022-07-24 14:12:07,30,43.6475,111.9767,81.03,12.03
410,Kabanga,67,TZ,2022-07-24 14:12:07,29,-2.6386,30.4678,81.19,5.21
411,Estelle,75,US,2022-07-24 14:12:08,68,29.8458,-90.1067,90.0,3.44
412,Ambon,40,ID,2022-07-24 14:12:08,15,-3.6954,128.1814,78.24,6.91
413,Araouane,83,ML,2022-07-24 14:12:09,34,18.9048,-3.5265,98.1,21.97
414,Daru,100,PG,2022-07-24 14:12:09,89,-9.0763,143.2092,76.57,14.72
415,Isla Mujeres,98,MX,2022-07-24 14:12:10,82,21.2311,-86.731,84.25,9.98
416,Owando,99,CG,2022-07-24 14:12:10,43,-0.4819,15.8999,89.96,2.13
417,Olinda,40,BR,2022-07-24 14:08:32,65,-8.0089,-34.8553,80.33,19.57
418,Joshimath,100,IN,2022-07-24 14:12:11,97,30.5667,79.5667,73.09,2.8
419,Olafsvik,65,IS,2022-07-24 14:12:11,77,64.8945,-23.7142,53.38,4.9
420,Aljezur,93,PT,2022-07-24 14:12:11,38,37.3191,-8.8033,85.64,11.59
421,Taoudenni,5,ML,2022-07-24 14:12:12,8,22.6783,-3.9836,113.81,12.01
422,Omboue,28,GA,2022-07-24 14:12:12,66,-1.5746,9.2618,77.32,12.5
423,Kuching,20,MY,2022-07-24 14:12:13,94,1.55,110.3333,77.22,3.44
424,Pisco,100,PE,2022-07-24 14:12:13,94,-13.7,-76.2167,59.05,1.14
425,Guider,90,CM,2022-07-24 14:12:14,54,9.9342,13.9486,87.3,2.04
426,Yaan,94,NG,2022-07-24 14:12:14,68,7.3833,8.5667,82.49,5.1
427,Wyszkow,70,PL,2022-07-24 14:12:15,51,52.5928,21.4584,78.12,13.78
428,Ongandjera,0,NA,2022-07-24 14:12:15,17,-17.8833,15.0667,83.77,5.03
429,Gambela,100,ET,2022-07-24 14:12:16,93,8.25,34.5833,74.37,2.91
430,Mananjary,2,MG,2022-07-24 14:12:16,80,-21.2167,48.3333,70.29,6.85
431,Loikaw,83,MM,2022-07-24 14:12:16,92,19.6742,97.2094,70.21,2.75
432,Sterlibashevo,18,RU,2022-07-24 14:12:17,57,53.4376,55.2578,79.92,7.31
433,Haines Junction,100,CA,2022-07-24 14:12:17,82,60.7522,-137.5108,46.76,0.74
434,Fortuna,8,US,2022-07-24 14:12:18,89,40.5982,-124.1573,54.93,3.0
435,Ossora,0,RU,2022-07-24 14:12:18,89,59.2353,163.0719,48.2,4.36
436,Kununurra,1,AU,2022-07-24 14:12:19,62,-15.7667,128.7333,57.18,4.61
437,Kidal,90,ML,2022-07-24 14:12:19,27,18.4411,1.4078,95.65,7.31
438,Abha,75,SA,2022-07-24 14:12:19,83,18.2164,42.5053,68.25,11.5
439,Lao Cai,0,VN,2022-07-24 14:09:32,95,22.4833,103.95,77.99,1.77
440,Bluefields,99,NI,2022-07-24 14:12:20,88,12.0137,-83.7635,79.11,8.75
441,Chuy,50,UY,2022-07-24 14:12:20,88,-33.6971,-53.4616,63.19,3.09
442,Whitehorse,100,CA,2022-07-24 14:12:21,71,60.7161,-135.0538,50.31,8.99
443,Cartagena Del Chaira,100,CO,2022-07-24 14:12:21,84,1.3349,-74.8429,74.3,2.19
444,Upata,100,VE,2022-07-24 14:12:22,70,8.0086,-62.3989,80.19,6.13
445,Burriana,0,ES,2022-07-24 14:09:47,57,39.889,-0.085,95.95,10.96
446,Fort Dodge,0,US,2022-07-24 14:12:22,73,42.4975,-94.168,74.82,8.05
447,Gubkinskiy,100,RU,2022-07-24 14:12:23,90,64.434,76.5026,49.84,17.36
448,San Cristobal,98,VE,2022-07-24 14:07:43,46,7.7669,-72.225,71.78,4.92
449,Vigrestad,97,NO,2022-07-24 14:13:23,97,58.5667,5.7,62.96,16.24
450,Talnakh,100,RU,2022-07-24 14:13:24,69,69.4865,88.3972,69.21,14.56
451,Uyemskiy,20,RU,2022-07-24 14:13:24,52,64.4743,40.8524,69.85,4.47
452,Constitucion,100,CL,2022-07-24 14:13:25,88,-35.3333,-72.4167,54.36,10.0
453,Kropotkin,89,RU,2022-07-24 14:13:25,42,45.4375,40.5756,77.72,9.08
454,Fort Nelson,86,CA,2022-07-24 14:13:25,60,58.8053,-122.7002,56.93,4.07
455,Lorengau,66,PG,2022-07-24 14:13:26,81,-2.0226,147.2712,81.54,6.6
456,Miraflores,100,MX,2022-07-24 14:13:26,86,19.2167,-98.8083,59.65,1.79
457,Itinga,93,BR,2022-07-24 14:13:27,45,-16.6131,-41.7653,79.86,5.77
458,Tayginka,75,RU,2022-07-24 14:13:27,56,55.6244,60.5076,77.59,5.48
459,Kamaishi,73,JP,2022-07-24 14:13:28,93,39.2667,141.8833,71.13,3.0
460,Vila,22,PT,2022-07-24 14:13:28,45,42.0304,-8.1588,78.69,9.78
461,Aksarka,99,RU,2022-07-24 14:13:29,57,66.5606,67.7975,58.05,15.95
462,Kadyy,58,RU,2022-07-24 14:13:29,49,57.787,43.1903,81.09,5.21
463,Grindavik,75,IS,2022-07-24 14:08:55,87,63.8424,-22.4338,52.27,9.22
464,Mago,8,RU,2022-07-24 14:13:30,83,53.2514,140.1822,63.5,2.77
465,Dakar,100,SN,2022-07-24 14:13:12,70,14.6937,-17.4441,74.28,2.35
466,Dharchula,100,IN,2022-07-24 14:13:30,94,29.85,80.5333,74.82,0.92
467,Lipin Bor,100,RU,2022-07-24 14:13:31,63,60.2622,37.9763,72.95,5.23
468,Abu Samrah,0,SY,2022-07-24 14:13:31,9,35.3029,37.1841,97.34,17.31
469,Tevaitoa,16,PF,2022-07-24 14:13:31,78,-16.7833,-151.5,78.58,13.27
470,Shentala,87,RU,2022-07-24 14:13:32,59,54.45,51.4833,77.23,6.76
471,Zemio,72,CF,2022-07-24 14:13:32,79,5.0314,25.1361,80.42,1.21
472,Villa Bruzual,32,VE,2022-07-24 14:13:33,74,9.3328,-69.1208,80.47,2.82
473,Srandakan,12,ID,2022-07-24 14:13:33,77,-7.9386,110.2506,73.89,7.47
474,Trinidad,60,BO,2022-07-24 14:13:33,55,-14.8333,-64.9,87.78,8.05
475,Poltavka,77,RU,2022-07-24 14:13:34,60,54.3663,71.7632,67.3,4.47
476,Mufumbwe,4,ZM,2022-07-24 14:13:34,18,-13.6833,24.8,83.44,7.02
477,Kamen-Rybolov,100,RU,2022-07-24 14:13:35,95,44.7481,132.0403,62.08,7.7
478,Klyuchi,69,RU,2022-07-24 14:13:35,51,52.2667,79.1667,64.99,8.68
479,Bontang,61,ID,2022-07-24 14:13:36,87,0.1333,117.5,78.12,7.29
480,Melenki,75,RU,2022-07-24 14:13:36,56,55.3343,41.6295,77.32,1.77
481,Elektrogorsk,20,RU,2022-07-24 14:13:36,34,55.8794,38.7919,84.13,7.45
482,Mitu,100,CO,2022-07-24 14:10:12,98,1.1983,-70.1733,72.07,1.43
483,Bilibino,24,RU,2022-07-24 14:13:37,77,68.0546,166.4372,43.21,5.97
484,Barkhan,100,PK,2022-07-24 14:13:37,78,29.8977,69.5256,76.23,15.08
485,Muzhi,26,RU,2022-07-24 14:13:38,53,65.3667,64.6667,60.55,16.78
486,Fujin,64,CN,2022-07-24 14:13:38,96,47.26,132.0322,63.66,7.47
487,Pedro Leopoldo,20,BR,2022-07-24 14:12:52,53,-19.6181,-44.0431,72.97,4.61
488,Kilindoni,5,TZ,2022-07-24 14:13:39,72,-7.9139,39.6668,76.73,16.06
489,Ilhabela,8,BR,2022-07-24 14:13:39,52,-23.7781,-45.3581,75.79,2.24
490,Limbach-Oberfrohna,43,DE,2022-07-24 14:13:40,36,50.8667,12.75,86.07,6.02
491,Lyuban,100,BY,2022-07-24 14:13:40,79,52.7985,28.0048,71.04,14.67
492,Brigantine,0,US,2022-07-24 14:13:41,64,39.4101,-74.3646,90.19,6.91
493,Chau Doc,80,VN,2022-07-24 14:13:41,79,10.7,105.1167,80.87,5.08
494,Kerman,1,IR,2022-07-24 14:13:42,9,30.2832,57.0788,95.72,10.94
495,Palmer,55,US,2022-07-24 14:13:42,61,42.1584,-72.3287,88.48,5.99
496,Mujiayingzi,98,CN,2022-07-24 14:14:43,88,42.1167,118.7833,68.32,4.81
497,Salima,78,MW,2022-07-24 14:14:43,37,-13.7804,34.4587,78.91,2.95
498,Honiara,22,SB,2022-07-24 14:10:31,88,-9.4333,159.95,77.63,4.61
499,Sao Miguel Do Araguaia,6,BR,2022-07-24 14:14:44,25,-13.275,-50.1628,89.49,12.75
500,Mayo,0,US,2022-07-24 14:14:44,74,38.8876,-76.5119,88.97,0.0
501,Sao Gotardo,4,BR,2022-07-24 14:14:45,40,-19.3111,-46.0489,75.63,7.61
502,Doha,58,QA,2022-07-24 14:12:30,63,25.2867,51.5333,94.98,11.5
503,Codrington,100,AU,2022-07-24 14:14:45,82,-38.2667,141.9667,54.1,14.09
504,Bardiyah,0,LY,2022-07-24 14:14:46,43,31.7561,25.0865,86.27,15.88
505,Biak,83,ID,2022-07-24 14:14:46,85,-0.9131,122.8766,74.97,5.66
506,Sandnessjoen,0,NO,2022-07-24 14:14:46,67,66.0217,12.6316,63.12,9.22
507,Dezful,0,IR,2022-07-24 14:14:47,5,32.3811,48.4058,111.18,21.43
508,Trapani,0,IT,2022-07-24 14:14:37,34,37.8333,12.6667,95.27,14.38
509,Durania,66,CO,2022-07-24 14:14:47,44,7.7131,-72.6576,70.72,4.12
510,Kopong,40,BW,2022-07-24 14:14:48,27,-24.4833,25.8833,77.23,9.22
511,Iberia,40,US,2022-07-24 14:14:48,89,29.9502,-91.7507,89.06,0.0
512,Ghanzi,20,BW,2022-07-24 14:14:49,16,-21.5667,21.7833,80.51,3.49
513,Waipawa,100,NZ,2022-07-24 14:14:49,89,-41.4122,175.5153,44.31,7.76
514,Kibre Mengist,100,ET,2022-07-24 14:14:49,63,5.8833,38.9833,67.78,5.1
515,Alyangula,7,AU,2022-07-24 14:14:50,89,-13.8483,136.4192,69.26,9.98
516,Xunchang,88,CN,2022-07-24 14:14:50,87,28.4543,104.715,77.23,1.28
517,Altamira,87,BR,2022-07-24 14:14:51,46,-3.2033,-52.2064,88.56,3.27
518,Abonnema,95,NG,2022-07-24 14:14:51,59,4.7084,6.7931,84.07,7.49
519,Marsaxlokk,0,MT,2022-07-24 14:14:51,43,35.8419,14.5431,92.01,13.8
520,Pochutla,99,MX,2022-07-24 14:14:52,80,15.7432,-96.4661,77.83,2.64
521,Bulgan,9,MN,2022-07-24 14:14:53,90,48.8125,103.5347,50.43,5.21
522,Phangnga,100,TH,2022-07-24 14:14:53,91,8.4509,98.5298,78.84,1.99
523,Itarema,41,BR,2022-07-24 14:14:53,47,-2.9248,-39.9167,87.55,14.7
524,Balakovo,70,RU,2022-07-24 14:14:54,67,52.0278,47.8007,73.89,12.71
525,Maxixe,24,MZ,2022-07-24 14:14:54,62,-23.8597,35.3472,74.84,7.99
526,Etaples,0,FR,2022-07-24 14:14:55,47,50.5219,1.6332,89.17,6.91
527,Coos Bay,100,US,2022-07-24 14:14:55,99,43.3665,-124.2179,55.99,8.05
528,Yatou,0,CN,2022-07-24 14:14:55,92,37.15,122.3833,72.23,5.23
529,Altoona,87,US,2022-07-24 14:14:56,68,40.5187,-78.3947,81.81,8.28
530,Kathmandu,75,NP,2022-07-24 14:13:09,83,27.7167,85.3167,73.62,2.3
531,Nigran,0,ES,2022-07-24 14:14:56,79,42.1415,-8.8066,72.37,13.8
532,Puri,100,IN,2022-07-24 14:14:57,80,19.8,85.85,82.92,13.71
533,Mildura,79,AU,2022-07-24 14:14:57,75,-34.2,142.15,56.07,15.21
534,Vila Velha,40,BR,2022-07-24 14:14:58,72,-20.3297,-40.2925,82.35,6.91
535,Clarksburg,0,US,2022-07-24 14:14:58,72,39.2807,-80.3445,84.31,3.44
536,Molteno,49,ZA,2022-07-24 14:14:59,58,-31.3968,26.3625,41.95,13.87
537,Chicama,32,PE,2022-07-24 14:14:59,78,-7.8447,-79.1469,57.74,6.04
538,Faya,98,SA,2022-07-24 14:11:29,49,18.3851,42.4509,68.52,9.84
539,Fort Saint James,100,CA,2022-07-24 14:15:00,73,54.4333,-124.25,58.05,3.02
540,Jardim,91,BR,2022-07-24 14:15:00,26,-21.4803,-56.1381,87.69,8.37
541,Sao Joao Da Barra,0,BR,2022-07-24 14:15:00,67,-21.6403,-41.0511,80.69,13.24
542,Havre-Saint-Pierre,0,CA,2022-07-24 14:15:01,73,50.2334,-63.5986,70.16,10.36
543,Kimbe,8,PG,2022-07-24 14:15:01,89,-5.5502,150.1429,75.92,5.35
544,Darnah,0,LY,2022-07-24 14:16:02,63,32.767,22.6367,82.99,15.88
545,Port Said,8,EG,2022-07-24 14:16:02,70,31.2565,32.2841,82.15,17.72
546,La Libertad,75,EC,2022-07-24 14:16:03,83,-2.2333,-80.9,71.26,9.22
547,Tura,100,IN,2022-07-24 14:16:03,96,25.5198,90.2201,74.57,2.98
548,Poykovskiy,0,RU,2022-07-24 14:16:03,55,61.2333,73.3333,66.49,8.95
